account,name,link,keywords,language
@howlettm@mastodon.social,Michael Howlett,https://mastodon.social/@howlettm,policy_design policy_process resource_policy environmental_policy
@amwellstead@mastodon.social,Adam Wellstead,https://mastodon.social/@amwellstead,policy_labs policy_knowledge climate_change forest_policy
@danimmergluck@mastodon.social,Dan Immergluck,https://mastodon.social/@danimmergluck,housing_policy affordable_housing neighborhood_change real_estate_finance urban_policy 
@PolicySciences@mastodon.social,Policy Sciences,https://mastodon.social/@PolicySciences,policy_sciences policy_journals policy_studies
@nilsbandelow@mastodon.social,Nils Bandelow,https://mastodon.social/@nilsbandelow,policy_studies policy_theory
@openpolicynz@mastodon.social,Andrew Ecclestone,https://mastodon.social/@openpolicynz,New_Zealand public_policy
@alasdairroberts@mastodon.social,Alasdair Roberts,https://mastodon.social/@alasdairroberts,public_policy public_administration public_management
@zpneal@mastodon.social,Zachary Neal,https://mastodon.social/@zpneal,Evidence_and_Policy
@mattiaguidi@mastodon.uno,Mattia Guidi,https://mastodon.social/@mattiaguidi@mastodon.uno,European_Politics Global_Political_Economy
@KiraM@someone.elses.computer,Kira Matus,https://mastodon.social/@KiraM@someone.elses.computer,Public_Policy Environment_&_Sustainability Green_Tech
@kohei_suzuki@mastodon.online,Kohei Suzuki,https://mastodon.social/@kohei_suzuki@mastodon.online,Bureaucracy Public_Administration
@EmmettMacfarlane@mastodon.social,Emett Macfarlane,https://mastodon.social/@EmmettMacfarlane,Canadian_Politics_and_Policy
@EstherTurnhout@mastodon.social,Esther Turnhout,https://mastodon.social/@EstherTurnhout,Environmental_Science_&_Policy
@smaideman@mastodon.social,Steve Saideman,https://mastodon.social/@smaideman,civil_military_relations
@Annemieke_vandenDool@mastodon.online,Annemieke van den Dool,https://mastodon.social/@Annemieke_vandenDool@mastodon.online,China Environmental_Policy
@RAWilliams@mstdn.social,Russ Williams,https://mastodon.social/@russellw@c.im,Canada banking_policy financial_policy
@inesmergel@mastodon.social,Ines Mergel,https://mastodon.social/@inesmergel,digital_policy governance
@bramverschuere@c.im,Bram Verschuere,https://mastodon.social/@bramverschuere@c.im,public_administration governance
@MartinLodge@mastodon.world,Martin Lodge,https://mastodon.social/@MartinLodge@mastodon.world,public_policy public_administration regulation
@AdamSheingate@mas.to,Adam Sheingate,https://mastodon.social/@AdamSheingate@mas.to,public_policy
@DrRachelEmas@mstdn.social,Rachel Emas,https://mastodon.social/@DrRachelEmas@mstdn.social,urban_and_food policy
@SteffenEckhard@c.im,Steffen Eckhard,https://mastodon.social/@SteffenEckhard@c.im,public_policy public_administration
@fgilardi@mastodon.social,Fabrizio Gilardi,https://mastodon.social/@fgilardi,digital_politics_and_policy
@urbanhobbit@mastodon.com.tr,Emre Erdoğan,https://mastodon.social/@urbanhobbit@mastodon.com.tr,public_policy
@PRLeblond@mastodon.social,Patrick LeBlond,https://mastodon.social/@PRLeblond,business_and_policy
@JuanDGut@dair-community.social,Juan David Gutiérrez,https://mastodon.social/@JuanDGut@dair-community.social,public_administration AI_policy regulation
@DrKWassel@fediscience.org,Kate Wassell,https://mastodon.social/@DrKWassel@fediscience.org,food_systems_policy
@breunig@mstdn.social,Christian Breunig,https://mastodon.social/@breunig@mstdn.social,comparative_politics_and_policy
@epi@econtwitter.net,Economic Policy Institute,https://mastodon.social/@epi@econtwitter.net,Economic_Policy
@austinc@mastodon.xyz,Austin Clemens,https://mastodon.social/@austinc@mastodon.xyz,Economic_Measurement_Policy
@charliefthompson@mastodon.social,Charlie F. Thompson,https://mastodon.social/@charliefthompson,abortion_policy gambling_policy drug_policy
@pauluswagner@fediscience.org,Paulus Wagner,https://mastodon.social/@pauluswagner@fediscience.org,welfare_policy
@faiwasimon@mastodon.social,Fai Tosuratana,https://mastodon.social/@faiwasimon,policy_process
@u_reber@scholar.social,Ueli Reber,https://mastodon.social/@u_reber@scholar.social,environmental_policy
@philipptrein@tooting.ch,Philipp Trein,https://mastodon.social/@philipptrein@tooting.ch,policy_integration policy_coordination policy_process health_policy social_policy digital_policy
@robertlepenies@mastodon.social,Robert Lepenies,https://mastodon.social/@robertlepenies,behavioural_policy
@Nikolina_klatt@fediscience.org,Nikolina Klatt,https://fediscience.org/web/@Nikolina_klatt,Narrative_Policy_Framework reproductive_rights
@RMansell@mastodonapp.uk,Robin Mansell,https://mastodon.social/@RMansell@mastodonapp.uk,Media_and_Communications digital_governance regulation_and_policy
@Nataraja@mastodon.social,Tamara Espiñeira,https://mastodon.social/@Nataraja,comparative_policy urban_policy international_relations
@dralexiswillett@mastodonapp.uk,Alexis Willett,https://mastodon.social/@dralexiswillett@mastodonapp.uk,public_policy government_relations communications
@NickAnguelov@fediscience.org,Nikolay Anguelov,https://mastodon.social/@NickAnguelov@fediscience.org,environmental_policy global_governance
@alexkazemi@mastodon.social,Alex Kazemi,https://mastodon.social/@alexkazemi,health_policy
@cameron@scholar.social,Cameron Conaway,https://mastodon.social/@cameron@scholar.social,communications management
@meganehatch@mas.to,Megan Hatch,https://mastodon.social/@meganehatch@mas.to,urban_policy public_administration
@schwoererskayla@home.social,Kayla Schwoerer,https://mastodon.social/@schwoererskayla@home.social,public_administration
@mikarv@someone.elses.computer,Michael Veale,https://mastodon.social/@mikarv@someone.elses.computer,digital_rights public_law regulation
@PatrickIrelan@fediscience.org,Patrick C. Ireland,https://mastodon.social/@PatrickIrelan@fediscience.org,race_ethnicity_and_public_policy
@xinhan@mas.to,Xin Han,http://mas.to/@xinhan,public_administration public_policy political_economy interdisciplinary_policy_studies policy_processes policy_diffusion collaborative_governance crisis_management
@thomasvargas@fediscience.org,Thomas Vargas,https://fediscience.org/web/@thomasvargas,misinformation public_policy education
@SRanchordas@mastodon.social,Sofia Ranchordas,https://mastodon.social/@SRanchordas,digital_government regulation
@funambule@mastodon.social,Salma Loudiyi,https://mastodon.social/@funambule,food_policy
@cbail@mastodon.social,Chris Bail,https://mastodon.social/@cbail,socia_media_policy
@toby@aus.social,Toby Phillips,https://mastodon.social/@toby@aus.social,economics_and_climate_policy
@andrew@esq.social,Andrew Leahy,https://mastodon.social/@andrew@esq.social,tax_policy public_policy technology_policy tech_policy
@justinhendrix@mastodon.social,Justin Hendrix,https://mastodon.social/@justinhendrix,tech_policy
@andreterliz@mastodon.uno,Andrea Terlizzi,https://mastodon.social/@andreterliz@mastodon.uno,Public_&_social_policy Public_administration_&_management Policy_process_theory Critical_policy_studies 
@maripuerta@mstdn.social,Maria Puerta Riera,https://mastodon.social/@maripuerta@mstdn.social,cultural_policy
@flavioazevedo@mastodon.social,Flavio Azevedo,https://mastodon.social/@flavioazevedo,public_policy policy_issues environmental_policy public_opinion
@eszter@mastodon.social,Eszter Hargittai,https://mastodon.social/@eszter,technology_policy
@johank76@mastodon.nu,Johan Karlsson Schaffer,https://mastodon.social/@johank76@mastodon.nu,human_rights law
@ppopiel@sciences.social,Paul Popiel,https://mastodon.social/@ppopiel@sciences.social,communications_policy tech_policy media_policy
@analyticus@mastodon.social,Cees Grootes,https://mastodon.social/@analyticus,data_science methods
@kairuggeri@mas.to,Kai Ruggeri,https://mastodon.social/@kairuggeri@mas.to,behaviour decision_making
@mjinpedersen@fediscience.org,Mogens Jin Pedersen,https://fediscience.org/@mjinpedersen,public_administration bureaucracy behavior
@thinkmacro@sciences.social,Dmitry Epstein,https://sciences.social/@thinkmacro,technology_policy, internet_governance privacy cybersecurity
@betthaeuser@sciences.social,Bastian Betthaeuser,https://sciences.social/@betthaeuser,education_policy social_policy policy_evaluation
@ishmamunoz@sciences.social,Ismael G. Muñoz,https://sciences.social/@ishmamunoz,education health social_policy
@ritahamad@sciences.social,Rita Hamad,https://sciences.social/@ritahamad,social_policy health_equity safety_net_policy economic_policy
@M_B_Petersen@fediscience.org,Michael Bang Petersen,https://mastodon.social/@M_B_Petersen@fediscience.org,policy_behaviour
@chadmbriggs@climatejustice.rocks,Chad M Briggs,https://climatejustice.rocks/web/@chadmbriggs,environmental_policy energy climate_security disinformation
@HelenCSullivan@mastodon.au,Helen Sullivan,https://mastodon.social/@HelenCSullivan@mastodon.au,public_policy
@k8henne@mastodon.social,Kate Henne,https://mastodon.social/@k8henne,technoscience regulation
@KatherineLeePhD@polisci.network,Katherine Lee,https://mastodon.social/@KatherineLeePhD@polisci.network,mental_health_policy
@JonLewallen@fediscience.org,Jonathan Lewallen,https://mastodon.social/@JonLewallen@fediscience.org,Policy_process agenda_setting policymaking_for_emerging_tech institutional_dynamics
@EconOmess@techhub.social,Richard Funderburg,https://techhub.social/@EconOMess,economic_development urban_planning tax_incentives regional_science
@DanielCasey_CBR@aus.social,Daniel Casey,https://mastodon.social/@DanielCasey_CBR@aus.social,punctuated_equilibrium political_participation public_opinion
@ChrisMcCahill@urbanists.social,Chris McCahill,https://mastodon.social/@ChrisMcCahill@urbanists.social,public_policy
@cjgabbe@fediscience.org,C.J. Gabbe,https://mastodon.social/@cjgabbe@fediscience.org,urban_planning
@bobkopp@fediscience.org,Bob Kopp,https://mastodon.social/@bobkopp@fediscience.org,Climate_&_sea_level_science_+_policy
@OrsiNyarai@eupolicy.social,Orsi Nyárai,https://mastodon.social/@OrsiNyarai@eupolicy.social,agricultural_policy
@chadmbriggs@climatejustice.rocks,Chad M Briggs,https://mastodon.social/@chadmbriggs@climatejustice.rocks,climate_and_energy_policy
@britter@mastodon.social,Britt Raybould,https://mastodon.social/@britter,public_policy
@DrJonLubin@mstdn.party,Jonathan Lubin,https://mstdn.party/@DrJonLubin,Regional_Local_Governance Urban_Affairs Transportation
@gwagner@fediscience.org,Gernot Wagner,https://fediscience.org/@gwagner,climate_energy_policy
@ulrikekrause@sciences.social,Ulrike Krause,https://sciences.social/@ulrikekrause,global_refugee_policies migration_policies_knowledge
@rebeccanatow@mastodon.social,Rebecca Natow,https://mastodon.social/@rebeccanatow,education_policy higher_education_policy federal_policy
@M_punkt_S@mastodon.social,Maximilian Schiffers,https://mastodon.social/@M_punkt_S,public_policy policy_change advocacy
@rkadelhi@mastadon.world,Ravinder Kaur,https://mastodon.world/@rkadelhi,Critical_public_policy refugee_policy Development_policy
@cycheng0615@econtwitter.net,Chao-yo Cheng,https://econtwitter.net/@cycheng0615,Political_economy local_governance development_policy race_and_ethnicity
@mattmotta@mastodon.social,Matt Motta,https://mastodon.social/@mattmotta,Health_Policy Health_Communication Political_Science Political_Psychology Behavioral_Public_Policy
